{"cameraMode":{"drawMode":0,"name":"Shaded","section":"Shading Mode"},"sceneLighting":true,"audioPlay":false,"sceneViewState":{"showFog":false,"showMaterialUpdate":false,"showSkybox":false,"showFlares":false,"showImageEffects":false,"showParticleSystems":false},"in2DMode":false,"pivot":{"x":2.6079845428466799,"y":-22.20771598815918,"z":-23.660079956054689},"rotation":{"x":0.09310436248779297,"y":0.8869617581367493,"z":-0.40345266461372378,"w":0.2046772688627243},"size":56.22803497314453,"orthographic":false}